{"cameraMode":{"drawMode":0,"name":"Shaded","section":"Shading Mode"},"sceneLighting":true,"audioPlay":false,"sceneViewState":{"m_AlwaysRefresh":false,"showFog":true,"showSkybox":true,"showFlares":true,"showImageEffects":true,"showParticleSystems":true,"showVisualEffectGraphs":true,"m_FxEnabled":true},"in2DMode":false,"pivot":{"x":-0.29251575469970705,"y":1.0375761985778809,"z":-0.11339092254638672},"rotation":{"x":0.15359343588352204,"y":0.36234724521636965,"z":-0.060670360922813418,"w":0.9173080921173096},"size":9.727176666259766,"orthographic":false}